{"cameraMode":{"drawMode":0,"name":"Shaded","section":"Shading Mode"},"sceneLighting":true,"audioPlay":false,"sceneViewState":{"showFog":true,"showMaterialUpdate":true,"showSkybox":true,"showFlares":true,"showImageEffects":true,"showParticleSystems":true},"in2DMode":false,"pivot":{"x":125.08038330078125,"y":197.70623779296876,"z":-33.31281280517578},"rotation":{"x":0.41350072622299197,"y":-0.008200007490813733,"z":0.003723189001902938,"w":0.9104592800140381},"size":628.731689453125,"orthographic":false}