{"cameraMode":{"drawMode":0,"name":"Shaded","section":"Shading Mode"},"sceneLighting":true,"audioPlay":false,"sceneViewState":{"showFog":true,"showMaterialUpdate":true,"showSkybox":true,"showFlares":true,"showImageEffects":true,"showParticleSystems":true},"in2DMode":false,"pivot":{"x":198.6262664794922,"y":139.7269287109375,"z":62.79874801635742},"rotation":{"x":0.37148812413215639,"y":-0.5428301692008972,"z":0.2901061773300171,"w":0.6951045989990234},"size":662.3734130859375,"orthographic":false}